iter	Logloss
0	0.5412431867
1	0.4936761582
2	0.4754525355
3	0.4679510429
4	0.4640183931
5	0.4618155367
6	0.4597351528
7	0.4588685333
8	0.4582837162
9	0.4582339676
10	0.4576752928
11	0.4571479532
12	0.4566877642
13	0.4563258422
14	0.4560836793
15	0.4559584005
16	0.4554615881
17	0.4550520356
18	0.4550278138
19	0.4540717543
